{"precision": 0.7973180076628351, "recall": 0.7822222222222223, "tp": 40, "tn": 2162, "fp": 11, "fn": 10, "_timestamp": 1690351541.6504738, "_runtime": 48610.31881594658, "_step": 5759, "f1 score": 0.7896979791609394, "current learning rate": 1.0606912751362352e-10, "_wandb": {"runtime": 48609}}