{"precision": 0.8246031746031747, "recall": 0.8463937621832359, "tp": 37, "tn": 2167, "fp": 13, "fn": 6, "_timestamp": 1690068187.1018531, "_runtime": 78864.25860714912, "_step": 5760, "f1 score": 0.8353563886273389, "current learning rate": 1.0606912751362352e-10, "_wandb": {"runtime": 78863}}