{"precision": 0.8790536948431685, "recall": 0.7643467643467644, "tp": 42, "tn": 2162, "fp": 6, "fn": 13, "_timestamp": 1690146248.082131, "_runtime": 78054.25624895096, "_step": 5760, "f1 score": 0.8176970422311293, "current learning rate": 1.0606912751362352e-10, "_wandb": {"runtime": 78053}}