{"precision": 0.9422138680033417, "recall": 0.9049150948286715, "tp": 300, "tn": 1872, "fp": 19, "fn": 32, "_timestamp": 1690224211.4952536, "_runtime": 78626.30934047699, "_step": 5760, "f1 score": 0.923187897401482, "current learning rate": 1.0606912751362352e-10, "_wandb": {"runtime": 78625}}