{"precision": 0.8246031746031747, "recall": 0.7698412698412698, "tp": 37, "tn": 2162, "fp": 13, "fn": 11, "_timestamp": 1690069157.6940062, "_runtime": 78719.8020811081, "_step": 5760, "f1 score": 0.7962818112146135, "current learning rate": 1.0606912751362352e-10, "_wandb": {"runtime": 78719}}