{"precision": 0.9719655193469395, "recall": 0.9077275299686165, "tp": 316, "tn": 1866, "fp": 9, "fn": 32, "_timestamp": 1690145579.9266188, "_runtime": 78286.55914878845, "_step": 5760, "f1 score": 0.9387488669096493, "current learning rate": 1.0606912751362352e-10, "_wandb": {"runtime": 78285}}