{"precision": 0.9512704174228674, "recall": 0.8785043953433119, "tp": 130, "tn": 2070, "fp": 6, "fn": 17, "_timestamp": 1690224758.181175, "_runtime": 78596.86914992332, "_step": 5760, "f1 score": 0.9134405359998218, "current learning rate": 1.0606912751362352e-10, "_wandb": {"runtime": 78596}}