{"average overall loss in the last 100 steps": 0.06312260427745059, "_timestamp": 1690848175.2728963, "_runtime": 13408.198693275452, "_step": 75, "_wandb": {"runtime": 13510}}