{"precision": 0.9301683501683501, "recall": 0.8737498929941901, "tp": 269, "tn": 1895, "fp": 20, "fn": 39, "_timestamp": 1690145197.6418755, "_runtime": 77997.46928048134, "_step": 5760, "f1 score": 0.9010768636624378, "current learning rate": 1.0606912751362352e-10, "_wandb": {"runtime": 77996}}