{"precision": 0.9355451797312263, "recall": 0.6595715693055818, "tp": 228, "tn": 1861, "fp": 16, "fn": 118, "_timestamp": 1690309204.4416957, "_runtime": 6205.2334887981415, "_step": 455, "f1 score": 0.7736850643994567, "current learning rate": 0.0005648590729620001, "_wandb": {"runtime": 6212}}