{"precision": 0.9224930643260386, "recall": 0.8602043795620439, "tp": 333, "tn": 1808, "fp": 28, "fn": 54, "_timestamp": 1690067287.1308012, "_runtime": 78625.09382510185, "_step": 5760, "f1 score": 0.8902605170265634, "current learning rate": 1.0606912751362352e-10, "_wandb": {"runtime": 78624}}