{"precision": 0.860576923076923, "recall": 0.726078431372549, "tp": 46, "tn": 2154, "fp": 7, "fn": 16, "_timestamp": 1690224625.7436526, "_runtime": 78371.97540068626, "_step": 5760, "f1 score": 0.7876270554041176, "current learning rate": 1.0606912751362352e-10, "_wandb": {"runtime": 78371}}