{"precision": 0.9370650600158797, "recall": 0.7204678362573099, "tp": 198, "tn": 1936, "fp": 13, "fn": 76, "_timestamp": 1690302990.204298, "_runtime": 78347.21928811073, "_step": 5760, "f1 score": 0.8146145850135755, "current learning rate": 1.0606912751362352e-10, "_wandb": {"runtime": 78346}}