{"precision": 0.9414803978515444, "recall": 0.9193964089312927, "tp": 128, "tn": 2075, "fp": 8, "fn": 12, "_timestamp": 1690067882.5911844, "_runtime": 79035.35735440254, "_step": 5760, "f1 score": 0.9303073623238819, "current learning rate": 1.0606912751362352e-10, "_wandb": {"runtime": 79034}}