{"precision": 0.7966583124477862, "recall": 0.7682539682539682, "tp": 44, "tn": 2155, "fp": 11, "fn": 13, "_timestamp": 1690302926.5066967, "_runtime": 78296.06611180305, "_step": 5760, "f1 score": 0.7821983601612045, "current learning rate": 1.0606912751362352e-10, "_wandb": {"runtime": 78295}}