{"precision": 0.8610760823875578, "recall": 0.694903181822807, "tp": 182, "tn": 1933, "fp": 29, "fn": 79, "_timestamp": 1690347773.7969413, "_runtime": 9496.120589256287, "_step": 1152, "f1 score": 0.7691163027757855, "current learning rate": 7.630408489538923e-05, "_wandb": {"runtime": 9495}}