{"precision": 0.8647728739192154, "recall": 0.6730657657059161, "tp": 206, "tn": 1885, "fp": 32, "fn": 100, "_timestamp": 1690329059.2029102, "_runtime": 9272.744598150253, "_step": 1152, "f1 score": 0.7569702068196498, "current learning rate": 7.630408489538923e-05, "_wandb": {"runtime": 9271}}