{"precision": 0.8365079365079365, "recall": 0.7527374586198116, "tp": 38, "tn": 2162, "fp": 12, "fn": 11, "_timestamp": 1690318536.9028668, "_runtime": 9034.311685800552, "_step": 1152, "f1 score": 0.7924148909573177, "current learning rate": 7.630408489538923e-05, "_wandb": {"runtime": 9033}}