{"precision": 0.8878561671618858, "recall": 0.7198172595037281, "tp": 208, "tn": 1908, "fp": 26, "fn": 81, "_timestamp": 1690319781.2927363, "_runtime": 9288.98089337349, "_step": 1152, "f1 score": 0.7950547449247355, "current learning rate": 7.630408489538923e-05, "_wandb": {"runtime": 9288}}