{"precision": 0.9886039886039887, "recall": 0.8775893331814384, "tp": 315, "tn": 1858, "fp": 4, "fn": 46, "_timestamp": 1690309187.7257988, "_runtime": 6594.364360809326, "_step": 485, "f1 score": 0.9297946841964309, "current learning rate": 0.0005083731656658001, "_wandb": {"runtime": 6607}}