{"average overall loss in the last 100 steps": 0.13700136581901462, "_timestamp": 1690834447.015188, "_runtime": 121.21113896369934, "_step": 5, "_wandb": {"runtime": 141}}