{"precision": 0.8822590011614402, "recall": 0.6842553255596734, "tp": 210, "tn": 1888, "fp": 28, "fn": 97, "_timestamp": 1690146181.8547766, "_runtime": 78109.46440672874, "_step": 5760, "f1 score": 0.7707435671287652, "current learning rate": 1.0606912751362352e-10, "_wandb": {"runtime": 78108}}