{"precision": 0.9159310235722194, "recall": 0.6793760974088844, "tp": 232, "tn": 1860, "fp": 22, "fn": 109, "_timestamp": 1690338272.72114, "_runtime": 9209.465374946594, "_step": 1152, "f1 score": 0.7801151716887371, "current learning rate": 7.630408489538923e-05, "_wandb": {"runtime": 9208}}