{"precision": 0.9348568307984709, "recall": 0.7376391662479893, "tp": 219, "tn": 1911, "fp": 15, "fn": 78, "_timestamp": 1690068066.3950434, "_runtime": 78914.45773148537, "_step": 5760, "f1 score": 0.8246202256378443, "current learning rate": 1.0606912751362352e-10, "_wandb": {"runtime": 78913}}