{"precision": 0.9279791154791154, "recall": 0.869110275689223, "tp": 105, "tn": 2094, "fp": 8, "fn": 16, "_timestamp": 1690303218.8951364, "_runtime": 78456.06513929367, "_step": 5760, "f1 score": 0.8975804863703041, "current learning rate": 1.0606912751362352e-10, "_wandb": {"runtime": 78455}}