{"precision": 0.785823754789272, "recall": 0.7646652864044169, "tp": 39, "tn": 2162, "fp": 12, "fn": 10, "_timestamp": 1690353975.2569532, "_runtime": 7465.195679187775, "_step": 1152, "f1 score": 0.775100152990077, "current learning rate": 7.630408489538923e-05, "_wandb": {"runtime": 7464}}