{"precision": 0.8126882863724969, "recall": 0.7616161616161615, "tp": 39, "tn": 2162, "fp": 9, "fn": 13, "_timestamp": 1690147218.321067, "_runtime": 78053.01674413681, "_step": 5760, "f1 score": 0.7863238067429967, "current learning rate": 1.0606912751362352e-10, "_wandb": {"runtime": 78052}}