{"precision": 0.7247126436781608, "recall": 0.7633333333333333, "tp": 37, "tn": 2162, "fp": 14, "fn": 10, "_timestamp": 1690351991.338831, "_runtime": 48116.22927284241, "_step": 5760, "f1 score": 0.7435218085380297, "current learning rate": 1.0606912751362352e-10, "_wandb": {"runtime": 48115}}