{"precision": 0.9696408046601762, "recall": 0.8735914885419015, "tp": 283, "tn": 1890, "fp": 9, "fn": 41, "_timestamp": 1690301701.9701269, "_runtime": 78235.20807695389, "_step": 5760, "f1 score": 0.9191136212381716, "current learning rate": 1.0606912751362352e-10, "_wandb": {"runtime": 78234}}