{"precision": 0.8975722133616871, "recall": 0.79004329004329, "tp": 43, "tn": 2163, "fp": 5, "fn": 12, "_timestamp": 1690327821.2218227, "_runtime": 9278.708684682846, "_step": 1152, "f1 score": 0.8403820693338788, "current learning rate": 7.630408489538923e-05, "_wandb": {"runtime": 9277}}