{"precision": 0.9246241484613579, "recall": 0.9389935944813993, "tp": 125, "tn": 2080, "fp": 10, "fn": 8, "_timestamp": 1690146155.8250933, "_runtime": 78268.38731622696, "_step": 5760, "f1 score": 0.931753473582057, "current learning rate": 1.0606912751362352e-10, "_wandb": {"runtime": 78267}}