{"precision": 0.9499292926367812, "recall": 0.8870132111250341, "tp": 268, "tn": 1907, "fp": 14, "fn": 34, "_timestamp": 1690309202.7368085, "_runtime": 7494.073440551758, "_step": 551, "f1 score": 0.9173938002718653, "current learning rate": 0.0004117822641892981, "_wandb": {"runtime": 7497}}