{"precision": 0.9486654309625516, "recall": 0.905749479278891, "tp": 262, "tn": 1919, "fp": 14, "fn": 28, "_timestamp": 1690223461.5073664, "_runtime": 78258.35529851913, "_step": 5760, "f1 score": 0.9267108621256094, "current learning rate": 1.0606912751362352e-10, "_wandb": {"runtime": 78257}}