{"precision": 0.8284043441938178, "recall": 0.7267424242424242, "tp": 46, "tn": 2151, "fp": 9, "fn": 17, "_timestamp": 1690346504.6489372, "_runtime": 9479.185996294022, "_step": 1152, "f1 score": 0.7742504997875421, "current learning rate": 7.630408489538923e-05, "_wandb": {"runtime": 9478}}