{"average overall loss in the last 100 steps": 0.059648449379601516, "_timestamp": 1690851396.0666406, "_runtime": 8650.41487455368, "_step": 299, "_wandb": {"runtime": 8657}}