{"precision": 0.8913146654010441, "recall": 0.7134652106456617, "tp": 226, "tn": 1879, "fp": 28, "fn": 90, "_timestamp": 1690224603.1874673, "_runtime": 78416.86462545395, "_step": 5760, "f1 score": 0.7925348703505495, "current learning rate": 1.0606912751362352e-10, "_wandb": {"runtime": 78415}}