{"precision": 0.9041541744321098, "recall": 0.8573313541151245, "tp": 114, "tn": 2078, "fp": 12, "fn": 19, "_timestamp": 1690309194.2325313, "_runtime": 5970.53879737854, "_step": 437, "f1 score": 0.8801204553000529, "current learning rate": 0.0005648590729620001, "_wandb": {"runtime": 5985}}