{"precision": 0.8048422176329154, "recall": 0.6757808585760346, "tp": 196, "tn": 1884, "fp": 48, "fn": 95, "_timestamp": 1690354397.883428, "_runtime": 6619.507402181625, "_step": 1152, "f1 score": 0.7346865972706952, "current learning rate": 7.630408489538923e-05, "_wandb": {"runtime": 6618}}