{"precision": 0.8514957264957266, "recall": 0.6871148459383752, "tp": 45, "tn": 2150, "fp": 8, "fn": 20, "_timestamp": 1690337020.6094105, "_runtime": 9193.708721637726, "_step": 1152, "f1 score": 0.7605242878354844, "current learning rate": 7.630408489538923e-05, "_wandb": {"runtime": 9192}}