{"average overall loss in the last 100 steps": 0.0519815308257239, "_timestamp": 1690887786.6756241, "_runtime": 39409.33530211449, "_step": 299, "_wandb": {"runtime": 39448}}