{"average overall loss in the last 100 steps": 0.10964396365452558, "_timestamp": 1690834269.1746063, "_runtime": 369.9948604106903, "_step": 17, "_wandb": {"runtime": 382}}