{"average overall loss in the last 100 steps": 0.017355543313606177, "_timestamp": 1689986218.3725977, "_runtime": 175970.45393562317, "_step": 1292, "precision": 0.8967322255592018, "recall": 0.8214123650211251, "tp": 929, "tn": 9906, "fp": 79, "fn": 201, "f1 score": 0.857421362818421, "current learning rate": 0.00012922163778453355, "_wandb": {"runtime": 176173}}