{"precision": 0.9729078014184397, "recall": 0.914624881291548, "tp": 275, "tn": 1913, "fp": 8, "fn": 27, "_timestamp": 1690302586.4992034, "_runtime": 78369.29744338989, "_step": 5760, "f1 score": 0.9428665161997439, "current learning rate": 1.0606912751362352e-10, "_wandb": {"runtime": 78368}}