{"precision": 0.7949874686716791, "recall": 0.6982575757575757, "tp": 44, "tn": 2149, "fp": 11, "fn": 19, "_timestamp": 1690303870.1693647, "_runtime": 78267.12891077995, "_step": 5760, "f1 score": 0.7434895226382752, "current learning rate": 1.0606912751362352e-10, "_wandb": {"runtime": 78266}}