{"precision": 0.9639140440851343, "recall": 0.8986199260951736, "tp": 265, "tn": 1918, "fp": 10, "fn": 30, "_timestamp": 1690067193.226329, "_runtime": 78559.98638916016, "_step": 5760, "f1 score": 0.9301224900333271, "current learning rate": 1.0606912751362352e-10, "_wandb": {"runtime": 78559}}