{"precision": 0.782051282051282, "recall": 0.7157097288676236, "tp": 41, "tn": 2154, "fp": 12, "fn": 16, "_timestamp": 1690225597.8172114, "_runtime": 78374.67525434494, "_step": 5760, "f1 score": 0.7474112451279532, "current learning rate": 1.0606912751362352e-10, "_wandb": {"runtime": 78373}}