{"average overall loss in the last 100 steps": 0.06484892146138009, "_timestamp": 1690841337.2059982, "_runtime": 6847.149200201035, "_step": 239, "_wandb": {"runtime": 6853}}